{
  "task": "lattice_param",
  "best_model": "GradientBoosting",
  "feature_names": [
    "a_site_n_elements",
    "a_site_entropy",
    "a_site_mean_radius",
    "a_site_radius_variance",
    "a_site_radius_std",
    "a_site_delta",
    "a_site_en_mean",
    "a_site_en_variance",
    "a_site_mean_atomic_num",
    "a_site_mean_molar_mass",
    "b_site_n_elements",
    "b_site_entropy",
    "b_site_mean_radius",
    "b_site_radius_variance",
    "b_site_radius_std",
    "b_site_delta",
    "b_site_en_mean",
    "b_site_en_variance",
    "b_site_mean_atomic_num",
    "b_site_mean_molar_mass",
    "a_b_radius_ratio",
    "total_entropy",
    "total_delta",
    "phonon_scattering_factor"
  ],
  "test_metrics": {
    "RMSE": 0.019185739725888593,
    "MAE": 0.012426777565503736,
    "R2": 0.9690618680329559
  },
  "cv_summary": {
    "RandomForest": {
      "mean_r2": 0.9154074377635306,
      "std_r2": 0.10877587541220055,
      "mean_rmse": 0.02141448764569049
    },
    "GradientBoosting": {
      "mean_r2": 0.967139857581724,
      "std_r2": 0.03645354258577696,
      "mean_rmse": 0.013869658108490005
    },
    "ExtraTrees": {
      "mean_r2": 0.9302665512245353,
      "std_r2": 0.08489743029903941,
      "mean_rmse": 0.019974938192527186
    },
    "Ridge": {
      "mean_r2": 0.9591226562429036,
      "std_r2": 0.022683656818806585,
      "mean_rmse": 0.018073287807609282
    }
  }
}