{
  "task": "lattice_param",
  "best_model": "GradientBoosting",
  "feature_names": [
    "b_site_en_mean",
    "a_site_mean_radius",
    "b_site_mean_molar_mass",
    "b_site_mean_atomic_num",
    "a_b_radius_ratio",
    "a_site_en_mean",
    "en_site_contrast",
    "b_site_mean_radius"
  ],
  "selected_indices": [
    16,
    2,
    19,
    18,
    20,
    6,
    26,
    12
  ],
  "compound_types": [
    "pristine",
    "high_entropy"
  ],
  "n_train": 371,
  "n_test": 93,
  "test_metrics": {
    "RMSE": 0.052653811959841555,
    "MAE": 0.03494970569589539,
    "R2": 0.9534851085396147
  },
  "cv_summary": {
    "RandomForest": {
      "mean_r2": 0.9296352565953029,
      "std_r2": 0.021574935734076713,
      "mean_rmse": 0.07845204660488302
    },
    "GradientBoosting": {
      "mean_r2": 0.9387444216670293,
      "std_r2": 0.025058081427905794,
      "mean_rmse": 0.07265967633688801
    },
    "ExtraTrees": {
      "mean_r2": 0.9367158220028082,
      "std_r2": 0.027344420642966844,
      "mean_rmse": 0.07345537657437155
    },
    "Ridge": {
      "mean_r2": 0.8408151820305851,
      "std_r2": 0.061724870639549276,
      "mean_rmse": 0.11863633813175738
    }
  }
}